Best Fit,X Values
"[3050, 4470]","[14, 0, 25, 0, 30]"
"[2608, 4370]","[0, 8, 19, 3, 30]"
"[2794, 5160]","[5, 9, 17, 0, 30]"
"[2714, 4510]","[10, 4, 17, 0, 30]"
"[2996, 5430]","[10, 6, 25, 0, 18]"
"[3225, 5710]","[12, 5, 25, 2, 20]"
"[3164, 5425]","[13, 4, 25, 0, 23]"
"[3414, 5710]","[14, 4, 25, 0, 30]"
"[2546, 5160]","[10, 6, 25, 0, 0]"
"[2603, 4355]","[0, 8, 25, 0, 25]"
"[3385, 5600]","[10, 5, 25, 3, 30]"
"[2546, 3810]","[0, 6, 25, 0, 30]"
"[2743, 5640]","[7, 8, 25, 4, 0]"
"[3365, 5050]","[15, 0, 25, 4, 30]"
"[2968, 4830]","[0, 8, 25, 4, 30]"
"[3030, 5250]","[0, 10, 25, 2, 30]"
"[2825, 3930]","[11, 0, 25, 0, 30]"
"[2689, 4790]","[0, 9, 25, 2, 20]"
"[2345, 4040]","[13, 0, 25, 2, 0]"
"[2305, 4490]","[8, 5, 25, 0, 0]"
"[2945, 5490]","[12, 5, 19, 4, 16]"
"[3205, 5300]","[10, 5, 25, 0, 30]"
"[2637, 4120]","[0, 7, 25, 0, 30]"
"[3355, 5660]","[12, 5, 25, 0, 30]"
"[2171, 3885]","[4, 6, 17, 0, 19]"
"[2745, 4145]","[12, 0, 25, 2, 19]"
"[2595, 4250]","[15, 0, 18, 2, 18]"
"[3162, 5380]","[7, 7, 25, 0, 30]"
"[2999, 5040]","[0, 9, 25, 3, 30]"
"[3253, 5690]","[7, 8, 25, 0, 30]"
"[2750, 3750]","[10, 0, 25, 0, 30]"
"[3020, 4310]","[12, 0, 25, 2, 30]"
"[2819, 4740]","[0, 9, 25, 0, 30]"
"[3460, 5780]","[11, 5, 25, 3, 30]"
"[2637, 4120]","[0, 7, 25, 0, 30]"
"[3398, 5580]","[15, 3, 25, 0, 30]"
"[3039, 4810]","[9, 4, 25, 0, 30]"
"[2964, 4630]","[8, 4, 25, 0, 30]"
"[2709, 5280]","[13, 4, 25, 2, 0]"
"[3416, 5810]","[10, 6, 25, 2, 30]"
"[3130, 5525]","[12, 5, 25, 0, 21]"
"[2446, 4230]","[6, 6, 14, 0, 30]"
"[2900, 4110]","[12, 0, 25, 0, 30]"
"[2403, 4235]","[0, 8, 25, 0, 17]"
"[2750, 5275]","[12, 5, 20, 2, 11]"
"[3170, 5460]","[11, 5, 18, 4, 30]"
"[3227, 5945]","[9, 7, 25, 4, 17]"
"[2780, 3690]","[8, 0, 25, 3, 30]"
"[3245, 4850]","[15, 0, 25, 2, 30]"
"[2819, 4740]","[0, 9, 25, 0, 30]"
"[2968, 4830]","[0, 8, 25, 4, 30]"
"[3290, 4870]","[14, 0, 25, 4, 30]"
"[2741, 4730]","[7, 6, 16, 2, 30]"
"[2715, 4090]","[13, 0, 15, 4, 30]"
"[2865, 4270]","[13, 0, 18, 4, 30]"
"[3155, 4590]","[13, 0, 25, 3, 30]"
"[2625, 4080]","[13, 0, 25, 0, 16]"
"[3010, 4700]","[5, 5, 25, 3, 30]"
"[2794, 5160]","[5, 9, 17, 0, 30]"
"[2677, 5075]","[7, 7, 16, 4, 19]"
"[2778, 5270]","[6, 8, 25, 0, 14]"
"[2500, 4670]","[0, 10, 12, 4, 30]"
"[3323, 5400]","[14, 3, 25, 0, 30]"
"[2750, 4425]","[15, 0, 25, 0, 15]"
"[2796, 5175]","[9, 6, 25, 0, 13]"
"[3296, 5610]","[10, 6, 25, 0, 30]"
"[2930, 4050]","[10, 0, 25, 3, 30]"
"[2442, 4945]","[8, 7, 14, 3, 13]"
"[2930, 4410]","[14, 0, 19, 3, 30]"
"[3025, 4780]","[6, 5, 25, 2, 30]"
"[2743, 5430]","[7, 8, 18, 4, 14]"
"[2569, 4590]","[0, 9, 25, 0, 20]"
"[2663, 4540]","[12, 3, 10, 4, 30]"
"[2844, 5430]","[5, 9, 25, 0, 16]"
"[2766, 5015]","[7, 6, 25, 2, 13]"
"[2908, 5270]","[6, 8, 16, 3, 30]"
"[2646, 4410]","[4, 6, 25, 0, 22]"
"[2819, 4740]","[0, 9, 25, 0, 30]"
"[2640, 4090]","[14, 0, 12, 4, 30]"
"[2565, 3895]","[10, 0, 25, 4, 13]"
"[2805, 4170]","[13, 0, 18, 3, 30]"
"[2744, 5230]","[14, 4, 16, 3, 14]"
"[3080, 5495]","[12, 5, 25, 0, 19]"
"[2880, 5000]","[11, 5, 17, 0, 30]"
"[3416, 5810]","[10, 6, 25, 2, 30]"
"[2461, 4585]","[6, 6, 17, 4, 15]"
"[2980, 5120]","[11, 5, 19, 0, 30]"
"[3012, 5560]","[9, 7, 25, 0, 18]"
"[2901, 5130]","[9, 6, 15, 3, 30]"
"[2490, 3370]","[8, 0, 18, 4, 30]"
"[2900, 4110]","[12, 0, 25, 0, 30]"
"[3365, 5050]","[15, 0, 25, 4, 30]"
"[2728, 4430]","[0, 8, 25, 0, 30]"
"[2544, 3490]","[0, 4, 25, 3, 30]"
"[2600, 3795]","[11, 0, 25, 0, 21]"
"[2675, 3930]","[13, 0, 19, 0, 30]"
"[2737, 4960]","[8, 7, 15, 0, 30]"
"[2904, 5660]","[14, 4, 25, 4, 0]"
"[2845, 5610]","[12, 5, 25, 4, 0]"
"[2900, 4110]","[12, 0, 25, 0, 30]"
"[2755, 4350]","[13, 0, 25, 3, 14]"
"[2580, 3810]","[12, 0, 15, 3, 30]"
"[2862, 5065]","[6, 7, 25, 0, 21]"
"[2680, 4035]","[11, 0, 25, 3, 17]"
"[2695, 3900]","[0, 5, 25, 4, 30]"
"[2750, 3750]","[10, 0, 25, 0, 30]"
"[2759, 4780]","[0, 9, 19, 4, 30]"
"[2475, 3450]","[9, 0, 25, 0, 22]"
"[2482, 4980]","[9, 7, 12, 2, 18]"
"[2651, 5280]","[9, 6, 25, 3, 0]"
"[2730, 4790]","[9, 5, 22, 0, 20]"
"[3594, 6010]","[14, 4, 25, 3, 30]"
"[2833, 5270]","[7, 8, 13, 3, 30]"
"[2495, 4400]","[15, 0, 25, 2, 0]"
"[3091, 5480]","[9, 6, 25, 2, 20]"
"[2930, 5060]","[11, 5, 18, 0, 30]"
"[3071, 5070]","[7, 6, 25, 0, 30]"
"[2870, 3950]","[10, 0, 25, 2, 30]"
"[2850, 4485]","[15, 0, 25, 0, 19]"
"[3215, 4690]","[13, 0, 25, 4, 30]"
"[3051, 5250]","[7, 6, 25, 3, 22]"
"[2364, 3190]","[0, 4, 25, 0, 30]"
"[2655, 3750]","[9, 0, 25, 3, 22]"
"[2886, 5080]","[6, 6, 25, 4, 16]"
"[2550, 3870]","[14, 0, 15, 0, 30]"
"[2762, 4900]","[7, 7, 17, 0, 30]"
"[3059, 5140]","[0, 9, 25, 4, 30]"
"[2945, 4670]","[15, 0, 25, 2, 18]"
"[2615, 4600]","[15, 0, 25, 4, 0]"
"[2705, 3510]","[7, 0, 25, 3, 30]"
"[3215, 4690]","[13, 0, 25, 4, 30]"
"[3005, 4230]","[11, 0, 25, 3, 30]"
"[2721, 4650]","[7, 6, 18, 0, 30]"
"[2999, 5040]","[0, 9, 25, 3, 30]"
"[2890, 5230]","[0, 10, 25, 3, 22]"
"[2965, 4675]","[14, 0, 25, 4, 17]"
"[2979, 5525]","[14, 4, 19, 4, 15]"
"[2530, 3675]","[9, 0, 25, 3, 17]"
"[3339, 5530]","[13, 4, 25, 0, 30]"
"[2875, 4350]","[15, 0, 20, 0, 30]"
"[3146, 5250]","[8, 6, 25, 0, 30]"
"[2819, 4740]","[0, 9, 25, 0, 30]"
"[2615, 4600]","[15, 0, 25, 4, 0]"
"[2945, 4490]","[15, 0, 19, 2, 30]"
"[2999, 5040]","[0, 9, 25, 3, 30]"
"[2546, 5160]","[10, 6, 25, 0, 0]"
"[3227, 5945]","[9, 7, 25, 4, 17]"
"[2825, 4470]","[15, 0, 25, 0, 18]"
"[2390, 3505]","[9, 0, 20, 4, 19]"
"[2692, 4975]","[6, 7, 19, 3, 19]"
"[2570, 3785]","[11, 0, 21, 2, 23]"
"[2850, 4485]","[15, 0, 25, 0, 19]"
"[2946, 5280]","[10, 6, 21, 0, 24]"
"[2275, 3585]","[14, 0, 11, 0, 27]"
"[2630, 4335]","[15, 0, 18, 3, 17]"
"[2519, 4440]","[0, 9, 21, 0, 26]"
"[2450, 3210]","[8, 0, 22, 0, 30]"
"[3654, 6110]","[14, 4, 25, 4, 30]"
"[2670, 3740]","[10, 0, 22, 2, 28]"
"[2830, 4455]","[15, 0, 18, 3, 25]"
"[2682, 4785]","[6, 7, 15, 2, 29]"
"[2564, 4720]","[14, 4, 9, 0, 28]"
"[2801, 5325]","[10, 6, 19, 3, 15]"
"[2805, 4170]","[13, 0, 18, 3, 30]"
"[3090, 5350]","[0, 10, 25, 3, 30]"
"[3342, 5680]","[7, 7, 25, 3, 30]"
"[2915, 4510]","[15, 0, 16, 4, 30]"
"[2908, 4730]","[0, 8, 25, 3, 30]"
"[2545, 3755]","[10, 0, 25, 2, 17]"
"[2845, 4475]","[14, 0, 25, 2, 17]"
"[2712, 5020]","[9, 7, 13, 0, 30]"
"[2786, 5560]","[10, 6, 25, 4, 0]"
"[3182, 5790]","[9, 7, 25, 2, 20]"
"[3015, 4840]","[15, 0, 25, 4, 16]"
"[3417, 5860]","[8, 7, 25, 3, 30]"
"[3005, 4230]","[11, 0, 25, 3, 30]"
"[3127, 5540]","[8, 7, 18, 4, 30]"
"[3305, 4950]","[15, 0, 25, 3, 30]"
"[3059, 5140]","[0, 9, 25, 4, 30]"
"[2915, 3970]","[9, 0, 25, 4, 30]"
"[2726, 4110]","[0, 6, 25, 3, 30]"
"[3155, 4590]","[13, 0, 25, 3, 30]"
"[2786, 5560]","[10, 6, 25, 4, 0]"
"[2726, 4110]","[0, 6, 25, 3, 30]"
"[2765, 3610]","[7, 0, 25, 4, 30]"
"[3237, 5560]","[8, 7, 25, 0, 30]"
"[3059, 5250]","[13, 4, 17, 2, 30]"
"[3125, 4650]","[15, 0, 25, 0, 30]"
"[2664, 4775]","[0, 9, 25, 2, 19]"
"[2560, 4970]","[9, 5, 25, 3, 0]"
"[2786, 4210]","[0, 6, 25, 4, 30]"
"[2728, 5105]","[5, 8, 25, 0, 15]"
"[2514, 4900]","[12, 4, 25, 0, 0]"
"[2795, 4310]","[13, 0, 25, 2, 18]"
"[2405, 4140]","[13, 0, 25, 3, 0]"
"[3125, 4650]","[15, 0, 25, 0, 30]"
"[3155, 4590]","[13, 0, 25, 3, 30]"
"[2910, 5050]","[0, 10, 25, 0, 30]"
"[2965, 4570]","[15, 0, 17, 4, 30]"
"[3355, 5660]","[12, 5, 25, 0, 30]"
"[2640, 3910]","[12, 0, 15, 4, 30]"
"[3160, 5060]","[7, 5, 25, 3, 30]"
"[2569, 4720]","[11, 4, 16, 3, 16]"
"[2568, 4590]","[0, 8, 25, 4, 14]"
"[3100, 4960]","[7, 5, 25, 2, 30]"
"[3037, 5575]","[9, 7, 25, 0, 19]"
"[2282, 5010]","[9, 7, 17, 2, 0]"
"[3519, 5830]","[13, 4, 25, 3, 30]"
"[2953, 5330]","[7, 8, 19, 0, 30]"
"[2585, 4855]","[0, 10, 25, 0, 17]"
"[3050, 4470]","[14, 0, 25, 0, 30]"
"[2555, 3150]","[5, 0, 25, 3, 30]"
"[2642, 5140]","[9, 7, 12, 3, 22]"
"[2840, 4330]","[14, 0, 16, 4, 30]"
"[2613, 4945]","[15, 3, 11, 4, 17]"
"[3059, 5140]","[0, 9, 25, 4, 30]"
"[3365, 5050]","[15, 0, 25, 4, 30]"
"[3055, 4800]","[15, 0, 25, 3, 20]"
"[2562, 5290]","[9, 7, 25, 0, 0]"
"[2690, 3835]","[9, 0, 25, 4, 21]"
"[2728, 4430]","[0, 8, 25, 0, 30]"
"[3065, 4330]","[11, 0, 25, 4, 30]"
"[3051, 5520]","[9, 6, 25, 3, 16]"
"[3179, 5450]","[13, 4, 17, 4, 30]"
"[2766, 4880]","[6, 6, 25, 2, 16]"
"[3270, 5730]","[11, 5, 25, 4, 20]"
"[3373, 5890]","[7, 8, 25, 2, 30]"
"[3445, 5700]","[10, 5, 25, 4, 30]"
"[2750, 4425]","[15, 0, 25, 0, 15]"
"[3477, 5960]","[8, 7, 25, 4, 30]"
"[3266, 5450]","[8, 6, 25, 2, 30]"
"[2608, 4370]","[0, 8, 19, 3, 30]"
"[2525, 3210]","[7, 0, 25, 0, 30]"
"[3054, 4670]","[6, 4, 25, 4, 30]"
"[1817, 4360]","[8, 7, 7, 3, 2]"
"[2720, 3590]","[8, 0, 25, 2, 30]"
"[3264, 5350]","[12, 4, 25, 0, 30]"
"[2807, 5100]","[8, 7, 14, 2, 30]"
"[3116, 5090]","[6, 6, 25, 2, 30]"
"[3130, 5120]","[9, 5, 25, 0, 30]"
"[3125, 4650]","[15, 0, 25, 0, 30]"
"[2776, 4710]","[6, 6, 17, 3, 30]"
"[2825, 3930]","[11, 0, 25, 0, 30]"
"[2180, 2250]","[0, 0, 25, 3, 30]"
"[2107, 4260]","[8, 7, 0, 2, 30]"
"[2571, 4650]","[9, 6, 12, 0, 30]"
"[2514, 4900]","[12, 4, 25, 0, 0]"
"[3005, 4230]","[11, 0, 25, 3, 30]"
"[3125, 4650]","[15, 0, 25, 0, 30]"
"[3086, 5290]","[8, 6, 19, 4, 30]"
"[3150, 5450]","[0, 10, 25, 4, 30]"
"[3059, 5140]","[0, 9, 25, 4, 30]"
"[2757, 4320]","[0, 7, 25, 2, 30]"
"[2562, 5290]","[9, 7, 25, 0, 0]"
"[2428, 4250]","[0, 8, 25, 0, 18]"
"[3030, 5250]","[0, 10, 25, 2, 30]"
"[3534, 5910]","[14, 4, 25, 2, 30]"
"[2655, 4020]","[11, 0, 25, 3, 16]"
"[3444, 5650]","[12, 4, 25, 3, 30]"
"[2620, 5070]","[9, 5, 25, 4, 0]"
"[2655, 4320]","[15, 0, 17, 3, 20]"
"[2965, 4675]","[14, 0, 25, 4, 17]"
"[3020, 4310]","[12, 0, 25, 2, 30]"
"[3215, 4690]","[13, 0, 25, 4, 30]"
"[3253, 5690]","[7, 8, 25, 0, 30]"
"[3039, 5215]","[12, 4, 25, 0, 21]"
"[3654, 6110]","[14, 4, 25, 4, 30]"
"[3114, 5395]","[13, 4, 25, 0, 21]"
"[3326, 5550]","[8, 6, 25, 3, 30]"
"[3150, 5450]","[0, 10, 25, 4, 30]"
"[3354, 5390]","[10, 4, 25, 4, 30]"
"[2970, 5040]","[9, 5, 17, 4, 30]"
"[3245, 4850]","[15, 0, 25, 2, 30]"
"[2825, 4470]","[15, 0, 25, 0, 18]"
"[3305, 4950]","[15, 0, 25, 3, 30]"
"[3311, 5470]","[7, 6, 25, 4, 30]"
"[3305, 4950]","[15, 0, 25, 3, 30]"
"[3145, 4980]","[6, 5, 25, 4, 30]"
"[3130, 5120]","[9, 5, 25, 0, 30]"
"[3365, 5050]","[15, 0, 25, 4, 30]"
"[3295, 5340]","[8, 5, 25, 4, 30]"
"[3402, 5780]","[7, 7, 25, 4, 30]"
"[2545, 5070]","[10, 5, 22, 4, 0]"
"[1705, 3120]","[11, 0, 14, 3, 0]"
"[2724, 5400]","[5, 9, 20, 3, 14]"
"[2055, 3360]","[9, 0, 24, 3, 0]"
"[2620, 3770]","[10, 0, 24, 2, 22]"
"[2540, 4810]","[0, 10, 18, 3, 22]"
"[2230, 4740]","[0, 10, 24, 2, 0]"
"[2468, 4320]","[0, 8, 18, 4, 24]"
"[2692, 5530]","[9, 7, 24, 3, 0]"
"[2791, 5315]","[10, 6, 21, 2, 13]"
"[3417, 5860]","[8, 7, 25, 3, 30]"
"[2910, 5050]","[0, 10, 25, 0, 30]"
"[3416, 5810]","[10, 6, 25, 2, 30]"
"[2862, 5200]","[9, 7, 16, 0, 30]"
"[3578, 5880]","[15, 3, 25, 3, 30]"
"[3065, 4330]","[11, 0, 25, 4, 30]"
"[3535, 5960]","[12, 5, 25, 3, 30]"
"[2549, 4500]","[0, 9, 16, 3, 30]"
"[3125, 4650]","[15, 0, 25, 0, 30]"
"[2784, 5460]","[14, 4, 25, 2, 0]"
"[2728, 4430]","[0, 8, 25, 0, 30]"
"[3342, 5680]","[7, 7, 25, 3, 30]"
"[2964, 4630]","[8, 4, 25, 0, 30]"
"[2910, 5050]","[0, 10, 25, 0, 30]"
"[2171, 4260]","[5, 6, 25, 0, 0]"
"[2975, 4290]","[13, 0, 25, 0, 30]"
"[3125, 4650]","[15, 0, 25, 0, 30]"
"[2855, 5225]","[11, 5, 25, 0, 13]"
"[3595, 6060]","[12, 5, 25, 4, 30]"
"[2825, 4335]","[14, 0, 25, 0, 21]"
"[2982, 5400]","[9, 7, 16, 2, 30]"
"[2727, 5510]","[8, 7, 25, 4, 0]"
"[3079, 5330]","[13, 4, 15, 4, 30]"
"[3355, 5660]","[12, 5, 25, 0, 30]"
"[2786, 4210]","[0, 6, 25, 4, 30]"
"[3050, 4470]","[14, 0, 25, 0, 30]"
"[3215, 4690]","[13, 0, 25, 4, 30]"
"[2980, 4760]","[7, 5, 25, 0, 30]"
"[2908, 4730]","[0, 8, 25, 3, 30]"
"[2795, 3770]","[9, 0, 25, 2, 30]"
"[2625, 4080]","[13, 0, 25, 0, 16]"
"[3125, 4650]","[15, 0, 25, 0, 30]"
"[2325, 3735]","[14, 0, 15, 0, 21]"
"[3162, 5380]","[7, 7, 25, 0, 30]"
"[2995, 4700]","[15, 0, 25, 2, 20]"
"[2750, 4155]","[13, 0, 25, 0, 21]"
"[2805, 4350]","[15, 0, 15, 3, 30]"
"[2870, 3950]","[10, 0, 25, 2, 30]"
"[2817, 4420]","[0, 7, 25, 3, 30]"
"[3215, 4690]","[13, 0, 25, 4, 30]"
"[2989, 5320]","[13, 4, 25, 0, 16]"
"[3059, 5140]","[0, 9, 25, 4, 30]"
"[2740, 4030]","[12, 0, 17, 4, 30]"
"[2273, 2880]","[0, 3, 25, 0, 30]"
"[2776, 4890]","[8, 6, 14, 3, 30]"
"[2364, 3190]","[0, 4, 25, 0, 30]"
"[3307, 5270]","[15, 2, 25, 0, 30]"
"[3219, 5110]","[9, 4, 25, 3, 30]"
"[2973, 5650]","[7, 8, 25, 2, 14]"
"[2904, 5315]","[13, 4, 18, 4, 17]"
"[3312, 5740]","[9, 7, 25, 0, 30]"
"[2908, 4730]","[0, 8, 25, 3, 30]"
"[3326, 5550]","[8, 6, 25, 3, 30]"
"[2757, 4320]","[0, 7, 25, 2, 30]"
"[3090, 5350]","[0, 10, 25, 3, 30]"
"[2770, 5430]","[11, 5, 25, 4, 0]"
"[3350, 5785]","[12, 5, 25, 2, 25]"
"[2652, 5330]","[7, 7, 25, 4, 0]"
"[2695, 4190]","[15, 0, 14, 2, 30]"
"[2765, 3610]","[7, 0, 25, 4, 30]"
"[2996, 4890]","[6, 6, 25, 0, 30]"
"[2439, 4720]","[11, 4, 25, 0, 0]"
"[2945, 4130]","[11, 0, 25, 2, 30]"
"[2955, 4470]","[13, 0, 25, 3, 22]"
"[2726, 5460]","[10, 6, 25, 3, 0]"
"[3594, 6010]","[14, 4, 25, 3, 30]"
"[3115, 4900]","[15, 0, 25, 4, 20]"
"[3102, 5600]","[9, 7, 16, 4, 30]"
"[3552, 6140]","[9, 7, 25, 4, 30]"
"[3162, 5560]","[9, 7, 22, 0, 30]"
"[2695, 3900]","[0, 5, 25, 4, 30]"
"[2675, 3570]","[9, 0, 25, 0, 30]"
"[3145, 4980]","[6, 5, 25, 4, 30]"
"[2664, 5260]","[14, 4, 25, 0, 0]"
"[2695, 4440]","[6, 5, 16, 4, 30]"
"[2900, 4110]","[12, 0, 25, 0, 30]"
"[3070, 5340]","[11, 5, 16, 4, 30]"
"[2996, 4890]","[6, 6, 25, 0, 30]"
"[2618, 4620]","[0, 8, 25, 4, 16]"
"[3140, 4510]","[12, 0, 25, 4, 30]"
"[2803, 5150]","[7, 8, 16, 0, 30]"
"[2345, 4560]","[12, 5, 0, 4, 30]"
"[2550, 4125]","[15, 0, 19, 0, 19]"
"[3150, 5450]","[0, 10, 25, 4, 30]"
"[2200, 3735]","[15, 0, 13, 0, 17]"
"[2785, 5510]","[12, 5, 25, 3, 0]"
"[2823, 5025]","[15, 3, 18, 0, 21]"
"[2908, 4730]","[0, 8, 25, 3, 30]"
"[3065, 4690]","[15, 0, 19, 4, 30]"
"[2514, 4090]","[8, 4, 16, 0, 30]"
"[3278, 5520]","[15, 3, 19, 3, 30]"
"[3325, 5500]","[10, 5, 25, 2, 30]"
"[2999, 5040]","[0, 9, 25, 3, 30]"
"[3185, 5480]","[10, 5, 25, 3, 22]"
"[2915, 4510]","[13, 0, 25, 4, 18]"
"[3461, 5830]","[9, 6, 25, 4, 30]"
"[2555, 4500]","[15, 0, 25, 3, 0]"
"[3296, 5610]","[10, 6, 25, 0, 30]"
"[3594, 6010]","[14, 4, 25, 3, 30]"
"[3095, 4490]","[13, 0, 25, 2, 30]"
"[2450, 3570]","[12, 0, 16, 0, 30]"
"[2975, 4290]","[13, 0, 25, 0, 30]"
"[2470, 3695]","[11, 0, 20, 2, 21]"
"[2975, 4290]","[13, 0, 25, 0, 30]"
"[2625, 4050]","[15, 0, 15, 0, 30]"
"[2330, 3960]","[12, 0, 25, 3, 0]"
"[2990, 4150]","[10, 0, 25, 4, 30]"
"[2971, 5415]","[10, 6, 25, 0, 17]"
"[2982, 5535]","[8, 7, 25, 2, 15]"
"[3402, 5780]","[7, 7, 25, 4, 30]"
"[2412, 3985]","[0, 7, 25, 0, 21]"
"[3005, 5450]","[12, 5, 25, 0, 16]"
"[2819, 4740]","[0, 9, 25, 0, 30]"
"[2845, 4370]","[15, 0, 17, 2, 30]"
"[2859, 4900]","[0, 9, 21, 4, 30]"
"[3400, 5680]","[11, 5, 25, 2, 30]"
"[3001, 5490]","[9, 6, 25, 3, 14]"
"[3030, 4785]","[15, 0, 25, 3, 19]"
"[2302, 4640]","[9, 7, 0, 4, 30]"
"[2815, 5185]","[0, 10, 25, 3, 19]"
"[2750, 3750]","[10, 0, 25, 0, 30]"
"[3185, 5750]","[12, 5, 25, 3, 16]"
"[1980, 2550]","[6, 0, 12, 3, 30]"
"[2701, 4995]","[8, 6, 19, 3, 17]"
"[3125, 4650]","[15, 0, 25, 0, 30]"
"[2817, 4420]","[0, 7, 25, 3, 30]"
"[3150, 5450]","[0, 10, 25, 4, 30]"
"[2690, 4870]","[0, 10, 17, 3, 30]"
"[2125, 4510]","[10, 5, 16, 2, 0]"
"[2405, 3330]","[9, 0, 16, 3, 30]"
"[2994, 4570]","[6, 4, 25, 3, 30]"
"[3215, 4690]","[13, 0, 25, 4, 30]"
"[2400, 5000]","[0, 10, 25, 4, 0]"
"[3357, 5760]","[8, 7, 25, 2, 30]"
"[2479, 5060]","[13, 4, 18, 4, 0]"
"[3110, 5435]","[10, 5, 25, 3, 19]"
"[3244, 5665]","[13, 4, 25, 3, 19]"
"[3290, 4870]","[14, 0, 25, 4, 30]"
"[2975, 4290]","[13, 0, 25, 0, 30]"
"[2269, 4780]","[13, 4, 15, 3, 0]"
"[2903, 4260]","[6, 3, 25, 3, 30]"
"[3118, 5595]","[5, 8, 25, 4, 21]"
"[3204, 5030]","[8, 4, 25, 4, 30]"
"[2805, 4380]","[13, 0, 25, 3, 16]"
"[2996, 5430]","[10, 6, 25, 0, 18]"
"[3343, 5730]","[5, 8, 25, 4, 30]"
"[2668, 4470]","[0, 8, 19, 4, 30]"
"[2834, 4815]","[9, 4, 25, 2, 17]"
"[3654, 6110]","[14, 4, 25, 4, 30]"
"[3059, 5140]","[0, 9, 25, 4, 30]"
"[2502, 4295]","[0, 7, 25, 4, 15]"
"[2985, 4940]","[8, 5, 20, 3, 30]"
"[2729, 4775]","[10, 4, 17, 4, 21]"
"[2546, 5160]","[10, 6, 25, 0, 0]"
"[2518, 4560]","[0, 8, 25, 4, 12]"
"[2605, 5210]","[12, 5, 25, 0, 0]"
"[2240, 2350]","[0, 0, 25, 4, 30]"
"[2968, 4830]","[0, 8, 25, 4, 30]"
"[2910, 5050]","[0, 10, 25, 0, 30]"
"[2925, 4530]","[15, 0, 25, 0, 22]"
"[2728, 4430]","[0, 8, 25, 0, 30]"
"[2720, 3590]","[8, 0, 25, 2, 30]"
"[2910, 5050]","[0, 10, 25, 0, 30]"
"[3140, 4510]","[12, 0, 25, 4, 30]"
"[3503, 5700]","[14, 3, 25, 3, 30]"
"[2795, 3770]","[9, 0, 25, 2, 30]"
"[3095, 4490]","[13, 0, 25, 2, 30]"
"[2736, 4870]","[8, 6, 12, 4, 30]"
"[2930, 4230]","[12, 0, 22, 3, 30]"
"[2745, 4280]","[13, 0, 25, 2, 16]"
"[3594, 6010]","[14, 4, 25, 3, 30]"
"[2968, 4830]","[0, 8, 25, 4, 30]"
"[2848, 4630]","[0, 8, 25, 2, 30]"
"[3270, 5865]","[12, 5, 25, 4, 17]"
"[2675, 3930]","[13, 0, 19, 0, 30]"
"[2975, 5155]","[9, 5, 25, 2, 19]"
"[3116, 5450]","[10, 6, 19, 2, 30]"
"[3152, 5660]","[9, 7, 17, 4, 30]"
"[2666, 4010]","[0, 6, 25, 2, 30]"
"[2375, 4200]","[15, 0, 25, 0, 0]"
"[2848, 4630]","[0, 8, 25, 2, 30]"
"[3278, 5340]","[13, 3, 22, 3, 30]"
"[2795, 3770]","[9, 0, 25, 2, 30]"
"[2939, 4940]","[0, 9, 25, 2, 30]"
"[3125, 4650]","[15, 0, 25, 0, 30]"
"[2275, 4330]","[6, 5, 25, 2, 0]"
"[3050, 4470]","[14, 0, 25, 0, 30]"
"[2920, 5475]","[12, 5, 19, 4, 15]"
"[2645, 4370]","[15, 0, 21, 2, 14]"
"[3130, 4845]","[15, 0, 25, 3, 23]"
"[2455, 3500]","[0, 5, 25, 0, 30]"
"[2825, 3930]","[11, 0, 25, 0, 30]"
"[2425, 3285]","[8, 0, 25, 0, 23]"
"[3205, 5300]","[10, 5, 25, 0, 30]"
"[2880, 4560]","[14, 0, 25, 3, 16]"
"[3080, 4410]","[12, 0, 25, 3, 30]"
"[2730, 4200]","[12, 0, 25, 3, 16]"
"[3092, 5560]","[9, 7, 17, 3, 30]"
"[2750, 3750]","[10, 0, 25, 0, 30]"
"[2690, 3835]","[9, 0, 25, 4, 21]"
"[2455, 3500]","[0, 5, 25, 0, 30]"
"[2675, 4110]","[13, 0, 25, 0, 18]"
"[2777, 4940]","[6, 7, 14, 4, 30]"
"[3245, 4850]","[15, 0, 25, 2, 30]"
"[3311, 5470]","[7, 6, 25, 4, 30]"
"[2620, 3650]","[10, 0, 20, 2, 30]"
"[3293, 5970]","[7, 8, 25, 4, 22]"
"[3005, 4230]","[11, 0, 25, 3, 30]"
"[2785, 5510]","[12, 5, 25, 3, 0]"
"[2819, 4740]","[0, 9, 25, 0, 30]"
"[2640, 3910]","[12, 0, 15, 4, 30]"
"[2836, 4810]","[6, 6, 17, 4, 30]"
"[2726, 4110]","[0, 6, 25, 3, 30]"
"[3175, 5140]","[8, 5, 25, 2, 30]"
"[3104, 5270]","[12, 4, 17, 4, 30]"
"[2380, 4470]","[0, 10, 12, 2, 30]"
"[3594, 6010]","[14, 4, 25, 3, 30]"
"[2669, 4270]","[7, 4, 17, 3, 30]"
"[2690, 5110]","[0, 10, 25, 3, 14]"
"[2864, 5050]","[14, 4, 14, 0, 30]"
"[2757, 4320]","[0, 7, 25, 2, 30]"
"[2825, 3930]","[11, 0, 25, 0, 30]"
"[2226, 3630]","[0, 6, 19, 3, 22]"
"[3102, 5600]","[7, 7, 25, 4, 18]"
"[2675, 4110]","[13, 0, 25, 0, 18]"
"[2798, 4140]","[7, 3, 25, 0, 30]"
"[3090, 5350]","[0, 10, 25, 3, 30]"
"[2666, 4010]","[0, 6, 25, 2, 30]"
"[2939, 4940]","[0, 9, 25, 2, 30]"
"[2569, 4405]","[8, 4, 19, 3, 19]"
"[2575, 3630]","[11, 0, 20, 0, 30]"
"[3012, 5380]","[9, 7, 19, 0, 30]"
"[3244, 5665]","[13, 4, 25, 3, 19]"
"[2627, 4370]","[0, 7, 25, 4, 20]"
"[2946, 5400]","[10, 6, 25, 0, 16]"
"[3059, 5140]","[0, 9, 25, 4, 30]"
"[3090, 5350]","[0, 10, 25, 3, 30]"
"[2890, 4495]","[13, 0, 25, 4, 17]"
"[2728, 4430]","[0, 8, 25, 0, 30]"
"[2667, 5410]","[8, 7, 25, 3, 0]"
"[2455, 4175]","[5, 5, 25, 0, 15]"
"[2900, 4110]","[12, 0, 25, 0, 30]"
"[2675, 4110]","[15, 0, 16, 0, 30]"
"[3115, 4750]","[15, 0, 20, 4, 30]"
"[3125, 4650]","[15, 0, 25, 0, 30]"
"[3175, 5680]","[12, 5, 25, 2, 18]"
"[2846, 4935]","[7, 6, 25, 0, 21]"
"[3080, 4410]","[12, 0, 25, 3, 30]"
"[2618, 4620]","[0, 8, 25, 4, 16]"
"[2820, 4860]","[9, 5, 14, 4, 30]"
"[2559, 4920]","[11, 4, 25, 2, 0]"
"[3354, 5390]","[10, 4, 25, 4, 30]"
"[2825, 3930]","[11, 0, 25, 0, 30]"
"[2889, 4450]","[7, 4, 25, 0, 30]"
"[2840, 3790]","[8, 0, 25, 4, 30]"
"[3095, 4490]","[13, 0, 25, 2, 30]"
"[3416, 5810]","[10, 6, 25, 2, 30]"
"[2530, 4820]","[11, 5, 18, 0, 14]"
"[2728, 4430]","[0, 8, 25, 0, 30]"
"[2495, 4400]","[15, 0, 25, 2, 0]"
"[3594, 6010]","[14, 4, 25, 3, 30]"
"[2930, 4725]","[15, 0, 25, 3, 15]"
"[3053, 4980]","[12, 3, 19, 3, 30]"
"[2439, 4720]","[11, 4, 25, 0, 0]"
"[2525, 3930]","[15, 0, 13, 0, 30]"
"[2805, 4170]","[13, 0, 18, 3, 30]"
"[2755, 4215]","[12, 0, 25, 3, 17]"
"[3111, 5620]","[9, 6, 25, 4, 16]"
"[2615, 4600]","[15, 0, 25, 4, 0]"
"[2803, 5150]","[7, 8, 16, 0, 30]"
"[2273, 5020]","[7, 8, 18, 2, 0]"
"[2647, 4800]","[15, 2, 14, 4, 16]"
"[2602, 4925]","[6, 7, 17, 4, 17]"
"[3104, 5570]","[14, 4, 18, 4, 22]"
"[2962, 5530]","[9, 7, 25, 0, 16]"
"[2715, 4090]","[13, 0, 15, 4, 30]"
"[3059, 5140]","[0, 9, 25, 4, 30]"
"[2637, 4120]","[0, 7, 25, 0, 30]"
"[2974, 5460]","[5, 9, 17, 3, 30]"
"[2700, 4125]","[13, 0, 25, 0, 19]"
"[2789, 4870]","[13, 4, 14, 0, 30]"
"[2790, 3910]","[10, 0, 21, 4, 30]"
"[3077, 5495]","[7, 7, 22, 4, 23]"
"[3055, 4940]","[8, 5, 25, 0, 30]"
"[2940, 4390]","[12, 0, 25, 4, 22]"
"[2728, 4430]","[0, 8, 25, 0, 30]"
"[2695, 4010]","[13, 0, 17, 2, 30]"
"[2780, 3690]","[8, 0, 25, 3, 30]"
"[2780, 4775]","[8, 5, 25, 0, 19]"
"[2303, 4170]","[8, 3, 25, 3, 0]"
"[2580, 4280]","[7, 5, 17, 0, 30]"
"[3050, 4470]","[14, 0, 25, 0, 30]"
"[2930, 4050]","[10, 0, 25, 3, 30]"
"[2853, 5450]","[7, 8, 25, 0, 14]"
"[2487, 5110]","[8, 7, 25, 0, 0]"
"[2990, 4150]","[10, 0, 25, 4, 30]"
"[2930, 5135]","[10, 5, 25, 0, 19]"
"[2780, 4050]","[12, 0, 19, 3, 30]"
"[2714, 4805]","[0, 9, 25, 2, 21]"
"[2649, 5180]","[13, 4, 25, 1, 0]"
"[2453, 3180]","[0, 3, 25, 3, 30]"
"[3305, 4950]","[15, 0, 25, 3, 30]"
"[2350, 3375]","[9, 0, 25, 0, 17]"
"[2646, 5010]","[10, 6, 18, 0, 18]"
"[2754, 5300]","[12, 4, 25, 4, 0]"
"[2696, 4710]","[8, 6, 16, 0, 30]"
"[3041, 4910]","[5, 6, 25, 2, 30]"
"[3357, 5760]","[8, 7, 25, 2, 30]"
"[2740, 4030]","[12, 0, 17, 4, 30]"
"[2805, 4245]","[12, 0, 25, 3, 19]"
"[3087, 5200]","[6, 7, 25, 0, 30]"
"[2345, 4040]","[13, 0, 25, 2, 0]"
"[2780, 5075]","[12, 5, 17, 0, 23]"
"[2428, 5060]","[6, 8, 25, 0, 0]"
"[3329, 5780]","[13, 4, 25, 4, 20]"
"[2795, 3770]","[9, 0, 25, 2, 30]"
"[2936, 5110]","[8, 6, 16, 4, 30]"
"[2825, 3930]","[11, 0, 25, 0, 30]"
"[2675, 4110]","[15, 0, 16, 0, 30]"
"[2350, 3450]","[12, 0, 14, 0, 30]"
"[3039, 4810]","[9, 4, 25, 0, 30]"
"[2695, 5250]","[10, 5, 25, 4, 0]"
"[2945, 4130]","[11, 0, 25, 2, 30]"
"[2777, 5210]","[8, 7, 14, 4, 24]"
"[2640, 4870]","[0, 10, 18, 3, 26]"
"[2930, 4050]","[10, 0, 25, 3, 30]"
"[2450, 3030]","[6, 0, 25, 0, 30]"
"[2730, 3990]","[12, 0, 18, 3, 30]"
"[3150, 5450]","[0, 10, 25, 4, 30]"
"[3190, 4945]","[15, 0, 25, 4, 23]"
"[3030, 4515]","[13, 0, 25, 3, 25]"
"[2377, 3920]","[0, 7, 15, 4, 30]"
"[2855, 4590]","[15, 0, 22, 3, 18]"
"[2757, 4320]","[0, 7, 25, 2, 30]"
"[2940, 4450]","[14, 0, 18, 4, 30]"
"[2471, 4785]","[10, 6, 14, 0, 19]"
"[3594, 6010]","[14, 4, 25, 3, 30]"
"[2855, 3870]","[9, 0, 25, 3, 30]"
"[2910, 5050]","[0, 10, 25, 0, 30]"
"[3194, 5640]","[5, 9, 25, 0, 30]"
"[2740, 4135]","[11, 0, 25, 4, 17]"
"[3245, 4850]","[15, 0, 25, 2, 30]"
"[3477, 5960]","[8, 7, 25, 4, 30]"
"[2653, 4650]","[12, 3, 16, 3, 20]"
"[2870, 3950]","[10, 0, 25, 2, 30]"
"[3120, 5400]","[11, 5, 17, 4, 30]"
"[2968, 4830]","[0, 8, 25, 4, 30]"
"[2605, 3930]","[13, 0, 14, 3, 30]"
"[2420, 4220]","[14, 0, 25, 2, 0]"
"[2950, 4600]","[5, 5, 25, 2, 30]"
"[2809, 4990]","[0, 9, 25, 4, 20]"
"[2667, 4330]","[0, 7, 25, 3, 24]"
"[3552, 6140]","[9, 7, 25, 4, 30]"
"[2665, 4360]","[15, 0, 16, 4, 20]"
"[2980, 4620]","[14, 0, 25, 3, 20]"
"[2378, 4010]","[0, 8, 18, 0, 30]"
"[2362, 3955]","[0, 7, 25, 0, 19]"
"[3418, 5910]","[6, 8, 25, 4, 30]"
"[2450, 3030]","[6, 0, 25, 0, 30]"
"[2705, 3510]","[7, 0, 25, 3, 30]"
"[2695, 3900]","[0, 5, 25, 4, 30]"
"[2968, 4830]","[0, 8, 25, 4, 30]"
"[3296, 5610]","[10, 6, 25, 0, 30]"
"[2564, 5390]","[5, 9, 25, 2, 0]"
"[2805, 4925]","[9, 5, 25, 0, 17]"
"[2605, 5210]","[12, 5, 25, 0, 0]"
"[3175, 5140]","[8, 5, 25, 2, 30]"
"[2605, 5210]","[12, 5, 25, 0, 0]"
"[2412, 3985]","[0, 7, 25, 0, 21]"
"[2750, 3750]","[10, 0, 25, 0, 30]"
"[2646, 4545]","[5, 6, 25, 0, 19]"
"[3188, 4900]","[9, 3, 25, 4, 30]"
"[3117, 5815]","[9, 7, 25, 3, 15]"
"[3140, 4510]","[12, 0, 25, 4, 30]"
"[3594, 6010]","[14, 4, 25, 3, 30]"
"[2925, 4530]","[15, 0, 25, 0, 22]"
"[3090, 5350]","[0, 10, 25, 3, 30]"
"[2635, 3800]","[0, 5, 25, 3, 30]"
"[3155, 4590]","[13, 0, 25, 3, 30]"
"[2560, 3755]","[0, 5, 25, 3, 27]"
"[3230, 4770]","[14, 0, 25, 3, 30]"
"[2515, 3730]","[9, 0, 25, 4, 14]"
"[2930, 4050]","[10, 0, 25, 3, 30]"
"[2889, 4450]","[7, 4, 25, 0, 30]"
"[3125, 4650]","[15, 0, 25, 0, 30]"
"[2778, 5030]","[6, 8, 17, 0, 30]"
"[3043, 5370]","[5, 8, 19, 4, 30]"
"[2834, 5250]","[14, 4, 17, 2, 18]"
"[2921, 5385]","[10, 6, 25, 0, 15]"
"[3127, 5765]","[9, 7, 21, 4, 21]"
"[2945, 4535]","[14, 0, 25, 2, 21]"
"[3030, 5250]","[0, 10, 25, 2, 30]"
"[2908, 4730]","[0, 8, 25, 3, 30]"
"[2730, 4475]","[6, 5, 25, 0, 23]"
"[3125, 4650]","[15, 0, 25, 0, 30]"
"[2651, 4650]","[7, 6, 13, 3, 30]"
"[2975, 4290]","[13, 0, 25, 0, 30]"
"[2944, 5095]","[11, 4, 21, 3, 21]"
"[3095, 4490]","[13, 0, 25, 2, 30]"
"[2999, 5040]","[0, 9, 25, 3, 30]"
"[2490, 3310]","[6, 0, 25, 4, 22]"
"[3654, 6110]","[14, 4, 25, 4, 30]"
"[2575, 3700]","[0, 5, 25, 2, 30]"
"[3237, 5560]","[8, 7, 25, 0, 30]"
"[3304, 5690]","[14, 4, 18, 4, 30]"
"[3552, 6140]","[9, 7, 25, 4, 30]"
"[2730, 4820]","[11, 5, 14, 0, 30]"
"[2444, 5190]","[5, 9, 25, 0, 0]"
"[3204, 5030]","[8, 4, 25, 4, 30]"
"[2775, 4230]","[15, 0, 18, 0, 30]"
"[3111, 5485]","[8, 6, 25, 4, 19]"
"[2666, 4010]","[0, 6, 25, 2, 30]"
"[3290, 4870]","[14, 0, 25, 4, 30]"
"[2794, 4585]","[7, 4, 25, 3, 19]"
"[2871, 5220]","[9, 6, 25, 0, 16]"
"[2530, 3540]","[8, 0, 25, 3, 20]"
"[3044, 5170]","[12, 4, 17, 3, 30]"
"[2770, 5430]","[11, 5, 25, 4, 0]"
"[3095, 4490]","[13, 0, 25, 2, 30]"
"[2615, 4600]","[15, 0, 25, 4, 0]"
"[2860, 5150]","[9, 5, 25, 3, 12]"
"[3042, 5500]","[7, 7, 25, 3, 18]"
"[2915, 3970]","[9, 0, 25, 4, 30]"
"[2683, 4595]","[0, 8, 25, 3, 21]"
"[3432, 5940]","[9, 7, 25, 2, 30]"
"[3398, 5580]","[15, 3, 25, 0, 30]"
"[2560, 4970]","[9, 5, 25, 3, 0]"
"[2590, 4150]","[14, 0, 15, 4, 22]"
"[3245, 4850]","[15, 0, 25, 2, 30]"
"[2791, 4790]","[7, 6, 17, 2, 30]"
"[2819, 4740]","[0, 9, 25, 0, 30]"
"[2550, 3690]","[12, 0, 18, 0, 30]"
"[2675, 3570]","[9, 0, 25, 0, 30]"
"[2555, 3870]","[13, 0, 13, 3, 30]"
"[2723, 4500]","[10, 3, 25, 0, 18]"
"[2819, 4740]","[0, 9, 25, 0, 30]"
"[3155, 4590]","[13, 0, 25, 3, 30]"
"[2675, 3570]","[9, 0, 25, 0, 30]"
"[3385, 5600]","[10, 5, 25, 3, 30]"
"[3326, 5550]","[8, 6, 25, 3, 30]"
"[2453, 3900]","[8, 3, 13, 3, 30]"
"[2610, 4870]","[0, 10, 25, 0, 18]"
"[2996, 5295]","[9, 6, 25, 0, 21]"
"[2939, 4940]","[0, 9, 25, 2, 30]"
"[3327, 5600]","[6, 7, 25, 4, 30]"
"[2618, 4970]","[13, 3, 25, 2, 0]"
"[2999, 5040]","[0, 9, 25, 3, 30]"
"[2750, 3750]","[10, 0, 25, 0, 30]"
"[2675, 3570]","[9, 0, 25, 0, 30]"
"[2950, 4545]","[15, 0, 25, 0, 23]"
"[2660, 4925]","[10, 5, 17, 3, 17]"
"[2834, 4680]","[8, 4, 25, 2, 20]"
"[3245, 4850]","[15, 0, 25, 2, 30]"
"[2795, 4740]","[8, 5, 15, 4, 30]"
"[2546, 3810]","[0, 6, 25, 0, 30]"
"[2420, 4220]","[14, 0, 25, 2, 0]"
"[3017, 5485]","[7, 7, 25, 3, 17]"
"[3090, 5350]","[0, 10, 25, 3, 30]"
"[2754, 5300]","[12, 4, 25, 4, 0]"
"[3130, 5120]","[9, 5, 25, 0, 30]"
"[2710, 4655]","[6, 5, 25, 3, 15]"
"[3155, 4590]","[13, 0, 25, 3, 30]"
"[2987, 5455]","[9, 7, 22, 0, 23]"
"[3180, 4875]","[15, 0, 25, 3, 25]"
"[2615, 4420]","[15, 0, 19, 4, 12]"
"[2350, 4510]","[7, 5, 25, 2, 0]"
"[2980, 4760]","[7, 5, 25, 0, 30]"
"[2770, 5430]","[11, 5, 25, 4, 0]"
"[3125, 4650]","[15, 0, 25, 0, 30]"
"[3080, 4410]","[12, 0, 25, 3, 30]"
"[3140, 4510]","[12, 0, 25, 4, 30]"
"[3178, 5510]","[6, 8, 25, 0, 30]"
"[3140, 4915]","[15, 0, 25, 4, 21]"
"[3127, 5750]","[8, 7, 25, 4, 16]"
"[2719, 4825]","[10, 4, 21, 3, 15]"
"[3116, 5090]","[6, 6, 25, 2, 30]"
"[2552, 4910]","[7, 7, 13, 4, 20]"
"[3065, 4330]","[11, 0, 25, 4, 30]"
"[3221, 5430]","[9, 6, 25, 0, 30]"
"[2486, 4030]","[0, 6, 25, 4, 18]"
"[2939, 5290]","[13, 4, 25, 0, 14]"
"[2870, 4625]","[15, 0, 25, 2, 15]"
"[2780, 3690]","[8, 0, 25, 3, 30]"
"[2675, 3570]","[9, 0, 25, 0, 30]"
"[3114, 5350]","[14, 4, 19, 0, 30]"
"[2577, 4160]","[0, 7, 19, 4, 30]"
"[2503, 5240]","[7, 8, 25, 0, 0]"
"[2948, 4500]","[9, 3, 25, 0, 30]"
"[3150, 5450]","[0, 10, 25, 4, 30]"
"[3077, 5480]","[8, 7, 17, 4, 30]"
"[2630, 3870]","[12, 0, 16, 3, 30]"
"[2587, 4780]","[8, 7, 12, 0, 30]"
"[2300, 4020]","[14, 0, 25, 0, 0]"
"[2559, 5155]","[5, 9, 13, 4, 19]"
"[2990, 4150]","[10, 0, 25, 4, 30]"
"[2813, 5350]","[14, 3, 25, 4, 0]"
"[2886, 5080]","[6, 6, 25, 4, 16]"
"[2665, 4315]","[14, 0, 19, 4, 17]"
"[2659, 5245]","[5, 9, 14, 4, 21]"
"[3520, 5880]","[11, 5, 25, 4, 30]"
"[3146, 5250]","[8, 6, 25, 0, 30]"
"[2725, 4275]","[14, 0, 25, 0, 17]"
"[3087, 5200]","[6, 7, 25, 0, 30]"
"[2964, 4630]","[8, 4, 25, 0, 30]"
"[3253, 5690]","[7, 8, 25, 0, 30]"
"[2955, 4530]","[15, 0, 18, 3, 30]"
"[2870, 3950]","[10, 0, 25, 2, 30]"
"[3144, 5290]","[12, 4, 19, 3, 30]"
"[2728, 4430]","[0, 8, 25, 0, 30]"
"[2636, 5200]","[8, 6, 25, 4, 0]"
"[3105, 5360]","[12, 5, 20, 0, 30]"
"[3519, 5830]","[13, 4, 25, 3, 30]"
"[2561, 5020]","[7, 6, 25, 4, 0]"
"[3386, 5650]","[8, 6, 25, 4, 30]"
"[3305, 4950]","[15, 0, 25, 3, 30]"
"[3059, 5140]","[0, 9, 25, 4, 30]"
"[2695, 3900]","[0, 5, 25, 4, 30]"
"[2667, 5410]","[8, 7, 25, 3, 0]"
"[3237, 5560]","[8, 7, 25, 0, 30]"
"[3230, 4770]","[14, 0, 25, 3, 30]"
"[2778, 5030]","[6, 8, 17, 0, 30]"
"[2845, 4205]","[12, 0, 25, 2, 23]"
"[2690, 3970]","[12, 0, 16, 4, 30]"
"[2726, 4110]","[0, 6, 25, 3, 30]"
"[3055, 4940]","[8, 5, 25, 0, 30]"
"[2525, 3750]","[13, 0, 16, 0, 30]"
"[3336, 5890]","[10, 6, 25, 4, 22]"
"[3059, 5140]","[0, 9, 25, 4, 30]"
"[2317, 4615]","[7, 7, 10, 3, 19]"
"[2465, 4180]","[15, 0, 14, 4, 16]"
"[3519, 5830]","[13, 4, 25, 3, 30]"
"[3218, 5060]","[11, 3, 25, 2, 30]"
"[2742, 5590]","[9, 7, 25, 3, 0]"
"[2635, 3800]","[0, 5, 25, 3, 30]"
"[2630, 3330]","[6, 0, 25, 3, 30]"
"[2968, 4830]","[0, 8, 25, 4, 30]"
"[2765, 4510]","[15, 0, 19, 4, 18]"
"[2930, 4050]","[10, 0, 25, 3, 30]"
"[2469, 4840]","[11, 4, 22, 3, 0]"
"[3059, 5140]","[0, 9, 25, 4, 30]"
"[3654, 6110]","[14, 4, 25, 4, 30]"
"[2690, 4870]","[0, 10, 17, 3, 30]"
"[2725, 3990]","[13, 0, 20, 0, 30]"
"[2501, 4290]","[5, 6, 13, 3, 30]"
"[2523, 4435]","[0, 8, 25, 2, 17]"
"[2605, 5210]","[12, 5, 25, 0, 0]"
"[2727, 4430]","[0, 7, 25, 4, 24]"
"[3226, 5625]","[9, 6, 25, 3, 23]"
"[2465, 3700]","[9, 0, 25, 4, 12]"
"[3140, 4510]","[12, 0, 25, 4, 30]"
"[2940, 5260]","[0, 10, 25, 3, 24]"
"[2665, 4210]","[15, 0, 11, 4, 30]"
"[2715, 4270]","[15, 0, 12, 4, 30]"
"[2525, 3930]","[15, 0, 13, 0, 30]"
"[2648, 4320]","[11, 3, 16, 0, 30]"
"[2825, 3930]","[11, 0, 25, 0, 30]"
"[2575, 3700]","[0, 5, 25, 2, 30]"
"[2846, 5070]","[10, 6, 16, 0, 30]"
"[3043, 5550]","[7, 8, 16, 4, 30]"
"[2519, 4560]","[0, 9, 25, 0, 18]"
"[2500, 3600]","[10, 0, 25, 0, 20]"
"[3355, 5660]","[12, 5, 25, 0, 30]"
"[3280, 5480]","[11, 5, 25, 0, 30]"
"[3373, 5890]","[7, 8, 25, 2, 30]"
"[3090, 5350]","[0, 10, 25, 3, 30]"
"[2789, 4930]","[11, 4, 25, 0, 14]"
"[2560, 4840]","[0, 10, 25, 0, 16]"
"[2814, 4270]","[6, 4, 25, 0, 30]"
"[2964, 4630]","[8, 4, 25, 0, 30]"
"[2530, 4835]","[12, 5, 14, 0, 19]"
"[2999, 5040]","[0, 9, 25, 3, 30]"
"[2419, 4960]","[13, 4, 18, 3, 0]"
"[3145, 5655]","[11, 5, 25, 4, 15]"
"[2955, 4350]","[13, 0, 21, 3, 30]"
"[2245, 3360]","[0, 5, 16, 4, 30]"
"[3071, 5070]","[7, 6, 25, 0, 30]"
"[3109, 5655]","[14, 4, 25, 2, 13]"
"[2280, 4350]","[0, 10, 10, 2, 30]"
"[2780, 4230]","[14, 0, 16, 3, 30]"
"[2865, 4450]","[15, 0, 15, 4, 30]"
"[2364, 3190]","[0, 4, 25, 0, 30]"
"[2750, 4155]","[13, 0, 25, 0, 21]"
"[2798, 5110]","[6, 8, 15, 2, 30]"
"[2798, 4680]","[13, 3, 16, 0, 30]"
"[3040, 4570]","[14, 0, 20, 4, 30]"
"[2621, 4350]","[5, 6, 19, 0, 30]"
"[2950, 4350]","[14, 0, 23, 0, 30]"
"[3294, 5290]","[10, 4, 25, 3, 30]"
"[2417, 4630]","[6, 7, 13, 3, 20]"
"[2875, 4500]","[15, 0, 25, 0, 20]"
"[3386, 5650]","[8, 6, 25, 4, 30]"
"[2273, 2880]","[0, 3, 25, 0, 30]"
"[2644, 4330]","[8, 4, 15, 3, 30]"
"[3280, 5480]","[11, 5, 25, 0, 30]"
"[2720, 4130]","[14, 0, 16, 2, 30]"
"[2820, 4460]","[14, 0, 25, 2, 16]"
"[3654, 6110]","[14, 4, 25, 4, 30]"
"[3080, 4410]","[12, 0, 25, 3, 30]"
"[3221, 5430]","[9, 6, 25, 0, 30]"
"[2182, 4440]","[9, 7, 0, 2, 30]"
"[2993, 5060]","[14, 3, 16, 2, 30]"
"[2575, 3630]","[11, 0, 20, 0, 30]"
"[3073, 5530]","[7, 8, 19, 2, 30]"
"[3477, 5960]","[8, 7, 25, 4, 30]"
"[2750, 3750]","[10, 0, 25, 0, 30]"
"[3155, 4590]","[13, 0, 25, 3, 30]"
"[3034, 4950]","[10, 4, 21, 2, 30]"
"[3402, 5780]","[7, 7, 25, 4, 30]"
"[2773, 4740]","[14, 3, 14, 0, 30]"
"[2465, 4240]","[13, 0, 25, 4, 0]"
"[2439, 4340]","[0, 9, 15, 2, 30]"
"[3150, 5450]","[0, 10, 25, 4, 30]"
"[3578, 5880]","[15, 3, 25, 3, 30]"
"[3155, 4590]","[13, 0, 25, 3, 30]"
"[2565, 3220]","[5, 0, 25, 4, 28]"
"[2430, 3480]","[8, 0, 25, 3, 16]"
"[2817, 4420]","[0, 7, 25, 3, 30]"
"[3145, 5520]","[12, 5, 16, 4, 30]"
"[2816, 5045]","[7, 6, 25, 2, 15]"
"[2755, 4230]","[13, 0, 21, 3, 22]"
"[2727, 5510]","[8, 7, 25, 4, 0]"
"[2976, 5310]","[10, 6, 15, 3, 30]"
"[2586, 5320]","[10, 6, 21, 4, 0]"
"[3150, 5450]","[0, 10, 25, 4, 30]"
"[2666, 4010]","[0, 6, 25, 2, 30]"
"[3155, 4770]","[15, 0, 22, 3, 30]"
"[3005, 4230]","[11, 0, 25, 3, 30]"
"[2840, 3790]","[8, 0, 25, 4, 30]"
"[3594, 6010]","[14, 4, 25, 3, 30]"
"[3160, 5060]","[7, 5, 25, 3, 30]"
"[3305, 4950]","[15, 0, 25, 3, 30]"
"[2558, 4310]","[0, 8, 18, 3, 30]"
"[3059, 5140]","[0, 9, 25, 4, 30]"
"[2930, 4590]","[14, 0, 25, 3, 18]"
"[2367, 4765]","[7, 7, 14, 3, 13]"
"[2880, 5000]","[11, 5, 17, 0, 30]"
"[2727, 4430]","[0, 7, 25, 4, 24]"
"[3030, 5250]","[0, 10, 25, 2, 30]"
"[2555, 4500]","[15, 0, 25, 3, 0]"
"[2786, 4210]","[0, 6, 25, 4, 30]"
"[2600, 4215]","[15, 0, 21, 0, 17]"
"[2362, 3955]","[0, 7, 25, 0, 19]"
"[2600, 3390]","[8, 0, 25, 0, 30]"
"[3030, 5250]","[0, 10, 25, 2, 30]"
"[2915, 3970]","[9, 0, 25, 4, 30]"
"[2750, 4360]","[5, 5, 21, 2, 30]"
"[2505, 4280]","[8, 5, 14, 0, 30]"
"[3096, 5370]","[10, 6, 21, 0, 30]"
"[2968, 4830]","[0, 8, 25, 4, 30]"
"[3090, 5350]","[0, 10, 25, 3, 30]"
"[2250, 3045]","[7, 0, 25, 0, 19]"
"[2420, 4220]","[14, 0, 25, 2, 0]"
"[3145, 4980]","[6, 5, 25, 4, 30]"
"[3025, 5320]","[10, 5, 25, 2, 18]"
"[2895, 4370]","[13, 0, 25, 2, 22]"
"[2990, 4150]","[10, 0, 25, 4, 30]"
"[2550, 3960]","[14, 0, 18, 0, 24]"
"[3050, 4470]","[14, 0, 25, 0, 30]"
"[2321, 4620]","[7, 6, 25, 0, 0]"
"[2535, 4925]","[11, 5, 15, 3, 13]"
"[2910, 5050]","[0, 10, 25, 0, 30]"
"[2300, 4020]","[14, 0, 25, 0, 0]"
"[2886, 5230]","[10, 6, 12, 4, 30]"
"[2825, 3930]","[11, 0, 25, 0, 30]"
"[2336, 4480]","[4, 6, 25, 4, 0]"
"[2710, 4520]","[7, 5, 16, 3, 30]"
"[2990, 4150]","[10, 0, 25, 4, 30]"
"[2480, 3690]","[12, 0, 13, 3, 30]"
"[2444, 4515]","[0, 9, 25, 0, 15]"
"[3202, 5660]","[7, 7, 25, 4, 22]"
"[2635, 3800]","[0, 5, 25, 3, 30]"
"[3477, 5960]","[8, 7, 25, 4, 30]"
"[3194, 5640]","[5, 9, 25, 0, 30]"
"[2803, 5150]","[7, 8, 16, 0, 30]"
"[2802, 5690]","[9, 7, 25, 4, 0]"
"[3080, 4410]","[12, 0, 25, 3, 30]"
"[2753, 4910]","[5, 8, 18, 0, 30]"
"[2870, 3950]","[10, 0, 25, 2, 30]"
"[2176, 4620]","[8, 6, 17, 3, 0]"
"[3221, 5430]","[9, 6, 25, 0, 30]"
"[3205, 5300]","[10, 5, 25, 0, 30]"
"[2420, 3590]","[12, 0, 13, 2, 30]"
"[3654, 6110]","[14, 4, 25, 4, 30]"
"[2796, 4650]","[6, 6, 21, 0, 30]"
"[2548, 4450]","[0, 8, 25, 2, 18]"
"[2605, 4580]","[10, 5, 13, 0, 30]"
"[2465, 4240]","[13, 0, 25, 4, 0]"
"[2870, 3950]","[10, 0, 25, 2, 30]"
"[2688, 4720]","[11, 3, 20, 4, 14]"
"[2395, 3540]","[0, 5, 19, 4, 30]"
"[2355, 3870]","[13, 0, 17, 3, 14]"
"[3296, 5610]","[10, 6, 25, 0, 30]"
"[2990, 4510]","[14, 0, 19, 4, 30]"
"[3296, 5610]","[10, 6, 25, 0, 30]"
"[2503, 5240]","[7, 8, 25, 0, 0]"
"[2345, 4040]","[13, 0, 25, 2, 0]"
"[2750, 4540]","[7, 5, 18, 2, 30]"
"[2825, 3930]","[11, 0, 25, 0, 30]"
"[2637, 4120]","[0, 7, 25, 0, 30]"
"[3290, 4870]","[14, 0, 25, 4, 30]"
"[2757, 4320]","[0, 7, 25, 2, 30]"
"[3654, 6110]","[14, 4, 25, 4, 30]"
"[2594, 4605]","[0, 9, 25, 0, 21]"
"[3429, 5975]","[14, 4, 25, 4, 21]"
"[2645, 3410]","[7, 0, 25, 2, 30]"
"[2725, 5410]","[12, 5, 25, 2, 0]"
"[2765, 4285]","[12, 0, 25, 4, 15]"
"[2612, 4720]","[7, 7, 14, 0, 30]"
"[3236, 5830]","[10, 6, 25, 4, 18]"
"[2533, 5180]","[5, 8, 25, 3, 0]"
"[2665, 3850]","[11, 0, 17, 4, 30]"
"[2728, 4430]","[0, 8, 25, 0, 30]"
"[2180, 2250]","[0, 0, 25, 3, 30]"
"[2309, 4390]","[0, 9, 15, 4, 20]"
"[3030, 5250]","[0, 10, 25, 2, 30]"
"[3243, 5790]","[7, 8, 20, 4, 30]"
"[2230, 4250]","[9, 5, 14, 0, 16]"
"[2895, 4430]","[15, 0, 18, 2, 30]"
"[3090, 5350]","[0, 10, 25, 3, 30]"
"[3114, 4990]","[10, 4, 25, 0, 30]"
"[2890, 4030]","[10, 0, 23, 4, 30]"
"[3050, 4470]","[14, 0, 25, 0, 30]"
"[3101, 5370]","[9, 6, 19, 3, 30]"
"[2465, 3430]","[9, 0, 16, 4, 30]"
"[2980, 4620]","[14, 0, 25, 3, 20]"
"[2890, 4360]","[12, 0, 25, 4, 20]"
"[2562, 5290]","[9, 7, 25, 0, 0]"
"[2615, 4600]","[15, 0, 25, 4, 0]"
"[3165, 4795]","[14, 0, 25, 4, 25]"
"[2915, 3970]","[9, 0, 25, 4, 30]"
"[2968, 4830]","[0, 8, 25, 4, 30]"
"[2825, 3930]","[11, 0, 25, 0, 30]"
"[2177, 4385]","[5, 7, 12, 4, 13]"
"[2427, 3980]","[0, 7, 16, 4, 30]"
"[3140, 4510]","[12, 0, 25, 4, 30]"
"[2825, 4200]","[13, 0, 25, 0, 24]"
"[2600, 3390]","[8, 0, 25, 0, 30]"
"[2995, 5160]","[10, 5, 16, 4, 30]"
"[2807, 4920]","[6, 7, 17, 2, 30]"
"[3114, 5530]","[14, 4, 25, 0, 18]"
"[2704, 4610]","[10, 4, 12, 4, 30]"
"[2568, 4350]","[0, 8, 17, 4, 30]"
"[2158, 4280]","[0, 8, 25, 3, 0]"
"[2910, 5050]","[0, 10, 25, 0, 30]"
"[2269, 4080]","[0, 9, 14, 0, 30]"
"[3155, 4590]","[13, 0, 25, 3, 30]"
"[2784, 5460]","[14, 4, 25, 2, 0]"
"[2930, 4050]","[10, 0, 25, 3, 30]"
"[3338, 5260]","[11, 3, 25, 4, 30]"
"[2160, 4600]","[0, 10, 25, 0, 0]"
"[3355, 5660]","[12, 5, 25, 0, 30]"
"[2787, 4205]","[8, 2, 25, 3, 23]"
"[2999, 5040]","[0, 9, 25, 3, 30]"
"[2837, 5275]","[9, 7, 19, 0, 23]"
"[3221, 5430]","[9, 6, 25, 0, 30]"
"[2841, 4850]","[7, 6, 18, 2, 30]"
"[2725, 5410]","[12, 5, 25, 2, 0]"
"[2937, 5515]","[9, 7, 25, 0, 15]"
"[2869, 5050]","[13, 4, 12, 3, 30]"
"[3253, 5690]","[7, 8, 25, 0, 30]"
"[2908, 4730]","[0, 8, 25, 3, 30]"
"[2940, 4450]","[14, 0, 18, 4, 30]"
"[2990, 4150]","[10, 0, 25, 4, 30]"
"[2930, 4050]","[10, 0, 25, 3, 30]"
"[3020, 5310]","[9, 5, 25, 4, 16]"
"[2660, 4970]","[11, 5, 14, 3, 20]"
"[2739, 4700]","[0, 9, 21, 2, 30]"
"[2602, 4355]","[0, 7, 25, 4, 19]"
"[2319, 4140]","[0, 9, 15, 0, 30]"
"[2455, 3500]","[0, 5, 25, 0, 30]"
"[2853, 5315]","[6, 8, 25, 0, 17]"
"[2629, 4250]","[7, 4, 15, 4, 30]"
"[3065, 4690]","[15, 0, 19, 4, 30]"
"[2790, 4300]","[12, 0, 25, 4, 16]"
"[3594, 6010]","[14, 4, 25, 3, 30]"
"[3323, 5400]","[14, 3, 25, 0, 30]"
"[2710, 4930]","[0, 10, 25, 0, 22]"
"[3354, 5750]","[14, 4, 19, 4, 30]"
"[2675, 4110]","[15, 0, 16, 0, 30]"
"[2600, 3930]","[12, 0, 25, 0, 18]"
"[3654, 6110]","[14, 4, 25, 4, 30]"
"[2458, 4190]","[0, 8, 16, 3, 30]"
"[3020, 4310]","[12, 0, 25, 2, 30]"
"[3085, 5285]","[9, 5, 25, 3, 21]"
"[3109, 5845]","[5, 9, 25, 4, 17]"
"[2805, 4170]","[13, 0, 18, 3, 30]"
"[2725, 5410]","[12, 5, 25, 2, 0]"
"[3040, 4855]","[15, 0, 25, 4, 17]"
"[3248, 5220]","[13, 3, 25, 0, 30]"
"[2803, 4860]","[14, 3, 11, 3, 30]"
"[3030, 5250]","[0, 10, 25, 2, 30]"
"[2910, 5050]","[0, 10, 25, 0, 30]"
"[2877, 4520]","[0, 7, 25, 4, 30]"
"[2820, 4250]","[14, 0, 18, 2, 30]"
"[3215, 4690]","[13, 0, 25, 4, 30]"
"[2975, 4290]","[13, 0, 25, 0, 30]"
"[3373, 5890]","[7, 8, 25, 2, 30]"
"[2400, 5000]","[0, 10, 25, 4, 0]"
"[3080, 4410]","[12, 0, 25, 3, 30]"
"[2630, 3735]","[9, 0, 25, 3, 21]"
"[2983, 5585]","[6, 8, 25, 3, 15]"
"[3065, 4690]","[15, 0, 19, 4, 30]"
"[3215, 4690]","[13, 0, 25, 4, 30]"
"[2775, 5225]","[0, 10, 25, 4, 15]"
"[3459, 5730]","[13, 4, 25, 2, 30]"
"[2785, 5510]","[12, 5, 25, 3, 0]"
"[2570, 3965]","[13, 0, 18, 2, 23]"
"[2914, 5140]","[12, 4, 25, 0, 16]"
"[2525, 3210]","[7, 0, 25, 0, 30]"
"[3070, 5340]","[11, 5, 16, 4, 30]"
"[2694, 5200]","[12, 4, 25, 3, 0]"
"[2757, 4320]","[0, 7, 25, 2, 30]"
"[2615, 4150]","[15, 0, 10, 4, 30]"
"[3014, 5050]","[12, 4, 20, 0, 30]"
"[2675, 3840]","[11, 0, 25, 0, 24]"
"[2830, 4260]","[12, 0, 25, 3, 20]"
"[3535, 5960]","[12, 5, 25, 3, 30]"
"[3095, 4490]","[13, 0, 25, 2, 30]"
"[2608, 4550]","[0, 8, 25, 3, 18]"
"[2786, 4210]","[0, 6, 25, 4, 30]"
"[2675, 4110]","[15, 0, 16, 0, 30]"
"[2990, 4150]","[10, 0, 25, 4, 30]"
"[2650, 5000]","[0, 10, 20, 4, 20]"
"[3102, 5420]","[7, 7, 19, 4, 30]"
"[2620, 3800]","[10, 0, 25, 2, 20]"
"[2550, 3510]","[10, 0, 21, 0, 30]"
"[3114, 4990]","[10, 4, 25, 0, 30]"
"[2610, 3790]","[12, 0, 18, 1, 30]"
"[2928, 4920]","[13, 3, 15, 3, 30]"
"[2701, 4905]","[8, 6, 16, 3, 23]"
"[2600, 3390]","[8, 0, 25, 0, 30]"
"[2975, 4290]","[13, 0, 25, 0, 30]"
"[3290, 4870]","[14, 0, 25, 4, 30]"
"[2995, 4700]","[15, 0, 25, 2, 20]"
"[2770, 4445]","[15, 0, 21, 2, 19]"
"[3461, 5830]","[9, 6, 25, 4, 30]"
"[3080, 4410]","[12, 0, 25, 3, 30]"
"[2500, 3630]","[12, 0, 17, 0, 30]"
"[3365, 5050]","[15, 0, 25, 4, 30]"
"[2827, 5180]","[8, 7, 12, 4, 30]"
"[2775, 4765]","[7, 5, 25, 2, 17]"
"[2915, 3970]","[9, 0, 25, 4, 30]"
"[2868, 5070]","[4, 8, 17, 4, 30]"
"[3188, 5440]","[13, 3, 25, 4, 18]"
"[2489, 4400]","[0, 9, 16, 2, 30]"
"[3107, 5745]","[9, 7, 25, 2, 17]"
"[2714, 4805]","[0, 9, 25, 2, 21]"
"[2955, 5360]","[12, 5, 23, 0, 18]"
"[2805, 4350]","[15, 0, 15, 3, 30]"
"[2669, 4450]","[9, 4, 14, 3, 30]"
"[3150, 5450]","[0, 10, 25, 4, 30]"
"[2840, 5200]","[0, 10, 25, 3, 20]"
"[2577, 4880]","[8, 7, 7, 4, 30]"
"[3135, 5630]","[12, 5, 22, 3, 20]"
"[3095, 5355]","[9, 5, 25, 4, 19]"
"[2940, 4660]","[14, 0, 25, 4, 16]"
"[2755, 4350]","[13, 0, 25, 3, 14]"
"[3654, 6110]","[14, 4, 25, 4, 30]"
"[2870, 3950]","[10, 0, 25, 2, 30]"
"[2255, 3585]","[12, 0, 14, 3, 19]"
"[2910, 5050]","[0, 10, 25, 0, 30]"
"[2814, 5240]","[5, 9, 15, 2, 30]"
"[2757, 4320]","[0, 7, 25, 2, 30]"
"[2604, 3590]","[0, 4, 25, 4, 30]"
"[2651, 5280]","[9, 6, 25, 3, 0]"
"[2577, 5150]","[6, 7, 25, 4, 0]"
"[3059, 5140]","[0, 9, 25, 4, 30]"
"[3210, 5765]","[12, 5, 25, 3, 17]"
"[2725, 4410]","[15, 0, 25, 0, 14]"
"[3090, 5350]","[0, 10, 25, 3, 30]"
"[3095, 5355]","[9, 5, 25, 4, 19]"
"[3065, 4690]","[15, 0, 19, 4, 30]"
"[3145, 5250]","[8, 5, 25, 4, 24]"
"[3053, 4620]","[8, 3, 25, 3, 30]"
"[2561, 5020]","[7, 6, 25, 4, 0]"
"[2503, 5240]","[7, 8, 25, 0, 0]"
"[3488, 5620]","[13, 3, 25, 4, 30]"
"[2819, 4740]","[0, 9, 25, 0, 30]"
"[3020, 5100]","[9, 5, 18, 4, 30]"
"[2967, 5320]","[8, 7, 16, 3, 30]"
"[3125, 4650]","[15, 0, 25, 0, 30]"
"[2710, 5330]","[11, 5, 25, 3, 0]"
"[2950, 4545]","[15, 0, 25, 0, 23]"
"[2635, 3800]","[0, 5, 25, 3, 30]"
"[2465, 4240]","[13, 0, 25, 4, 0]"
"[2675, 3570]","[9, 0, 25, 0, 30]"
"[2430, 3630]","[12, 0, 12, 3, 30]"
"[2910, 5050]","[0, 10, 25, 0, 30]"
"[2477, 4400]","[4, 7, 11, 4, 30]"
"[2665, 3850]","[11, 0, 17, 4, 30]"
"[2205, 4205]","[9, 5, 13, 0, 17]"
"[2734, 4945]","[0, 9, 25, 4, 17]"
"[2555, 4050]","[15, 0, 10, 3, 30]"
"[2655, 4170]","[15, 0, 12, 3, 30]"
"[2800, 4960]","[11, 5, 13, 2, 30]"
"[2791, 4790]","[7, 6, 17, 2, 30]"
"[3005, 4230]","[11, 0, 25, 3, 30]"
"[3019, 5230]","[13, 4, 15, 3, 30]"
"[2757, 4320]","[0, 7, 25, 2, 30]"
"[3125, 4650]","[15, 0, 25, 0, 30]"
"[3150, 5450]","[0, 10, 25, 4, 30]"
"[2850, 4350]","[14, 0, 25, 0, 22]"
"[2875, 4500]","[15, 0, 25, 0, 20]"
"[3020, 4715]","[15, 0, 25, 2, 21]"
"[2304, 4760]","[12, 4, 16, 4, 0]"
"[2989, 4930]","[11, 4, 21, 0, 30]"
"[3365, 5050]","[15, 0, 25, 4, 30]"
"[2682, 5490]","[9, 7, 25, 2, 0]"
"[3055, 5480]","[12, 5, 25, 0, 18]"
"[2602, 5135]","[8, 7, 15, 4, 15]"
"[2643, 4635]","[0, 8, 25, 4, 17]"
"[2968, 4830]","[0, 8, 25, 4, 30]"
"[2725, 4170]","[15, 0, 17, 0, 30]"
"[3125, 4650]","[15, 0, 25, 0, 30]"
"[2310, 4330]","[0, 10, 13, 0, 30]"
"[3066, 5330]","[8, 6, 25, 2, 22]"
"[3245, 4850]","[15, 0, 25, 2, 30]"
"[3178, 5510]","[6, 8, 25, 0, 30]"
"[2862, 5335]","[8, 7, 25, 0, 15]"
"[2578, 4940]","[6, 8, 18, 0, 20]"
"[3127, 5480]","[6, 7, 25, 4, 22]"
"[3107, 5610]","[8, 7, 25, 2, 20]"
"[2580, 3975]","[13, 0, 16, 3, 25]"
"[3140, 4510]","[12, 0, 25, 4, 30]"
"[3015, 4570]","[13, 0, 25, 4, 22]"
"[2375, 3210]","[9, 0, 19, 0, 30]"
"[2715, 3730]","[9, 0, 21, 4, 30]"
"[2550, 3765]","[11, 0, 25, 0, 19]"
"[3039, 4810]","[9, 4, 25, 0, 30]"
"[2589, 4405]","[8, 4, 25, 0, 15]"
"[2550, 3690]","[12, 0, 18, 0, 30]"
"[3309, 5370]","[11, 4, 25, 2, 30]"
"[2915, 3970]","[9, 0, 25, 4, 30]"
"[2850, 4485]","[15, 0, 25, 0, 19]"
"[3014, 5335]","[13, 4, 25, 0, 17]"
"[2271, 3645]","[0, 6, 25, 0, 19]"
"[2705, 3510]","[7, 0, 25, 3, 30]"
"[2965, 4570]","[15, 0, 17, 4, 30]"
"[2615, 4150]","[15, 0, 10, 4, 30]"
"[3492, 6040]","[9, 7, 25, 3, 30]"
"[3011, 5290]","[9, 6, 16, 4, 30]"
"[2570, 3230]","[6, 0, 25, 2, 30]"
"[2942, 5305]","[6, 7, 25, 3, 17]"
"[2900, 4110]","[12, 0, 25, 0, 30]"
"[2409, 4560]","[9, 4, 25, 2, 0]"
"[2965, 4570]","[15, 0, 17, 4, 30]"
"[3536, 6010]","[10, 6, 25, 4, 30]"
"[2552, 4580]","[5, 7, 11, 4, 30]"
"[3445, 5700]","[10, 5, 25, 4, 30]"
"[2576, 5100]","[8, 6, 25, 3, 0]"
"[3654, 6110]","[14, 4, 25, 4, 30]"
"[3215, 4690]","[13, 0, 25, 4, 30]"
"[3214, 5470]","[14, 4, 21, 0, 30]"
"[2580, 4275]","[15, 0, 17, 3, 17]"
"[2930, 4050]","[10, 0, 25, 3, 30]"
"[3130, 5120]","[9, 5, 25, 0, 30]"
"[3339, 5530]","[13, 4, 25, 0, 30]"
"[3207, 5400]","[6, 7, 25, 2, 30]"
"[2786, 4210]","[0, 6, 25, 4, 30]"
"[3084, 4830]","[8, 4, 25, 2, 30]"
"[3552, 6140]","[9, 7, 25, 4, 30]"
"[2854, 5330]","[14, 4, 15, 4, 18]"
"[3236, 5290]","[6, 6, 25, 4, 30]"
"[2765, 4150]","[11, 0, 25, 4, 18]"
"[3326, 5550]","[8, 6, 25, 3, 30]"
"[3594, 6010]","[14, 4, 25, 3, 30]"
"[3018, 5430]","[6, 8, 17, 4, 30]"
"[2987, 5140]","[6, 7, 25, 0, 26]"
"[3535, 5960]","[12, 5, 25, 3, 30]"
"[2409, 4360]","[0, 9, 12, 4, 30]"
"[3280, 5480]","[11, 5, 25, 0, 30]"
"[3327, 5600]","[6, 7, 25, 4, 30]"
"[2820, 4190]","[12, 0, 25, 2, 22]"
"[2728, 4430]","[0, 8, 25, 0, 30]"
"[2725, 3990]","[13, 0, 20, 0, 30]"
"[2575, 3700]","[0, 5, 25, 2, 30]"
"[3280, 5480]","[11, 5, 25, 0, 30]"
"[2478, 4280]","[0, 8, 25, 0, 20]"
"[2615, 3655]","[8, 0, 25, 4, 21]"
"[3266, 5450]","[8, 6, 25, 2, 30]"
"[2768, 4520]","[11, 3, 16, 2, 30]"
"[3030, 5250]","[0, 10, 25, 2, 30]"
"[2319, 4140]","[0, 9, 15, 0, 30]"
"[2865, 5215]","[0, 10, 25, 3, 21]"
"[2450, 3030]","[6, 0, 25, 0, 30]"
"[2975, 5380]","[12, 5, 19, 2, 22]"
"[2725, 5410]","[12, 5, 25, 2, 0]"
"[3365, 5050]","[15, 0, 25, 4, 30]"
"[3044, 5170]","[12, 4, 17, 3, 30]"
"[2495, 4400]","[15, 0, 25, 2, 0]"
"[2694, 4210]","[6, 4, 19, 3, 30]"
"[2780, 4050]","[12, 0, 19, 3, 30]"
"[2680, 4830]","[0, 10, 18, 2, 30]"
"[2836, 5320]","[10, 6, 16, 4, 20]"
"[2995, 4550]","[15, 0, 20, 2, 30]"
"[2940, 4525]","[13, 0, 25, 4, 19]"
"[2685, 4505]","[5, 5, 25, 3, 17]"
"[2637, 4120]","[0, 7, 25, 0, 30]"
"[3112, 5620]","[9, 7, 25, 0, 22]"
"[2278, 4070]","[0, 8, 22, 0, 18]"
"[3034, 5205]","[11, 4, 25, 2, 19]"
"[2770, 4565]","[15, 0, 25, 2, 11]"
"[2635, 5150]","[10, 5, 25, 3, 0]"
"[3385, 5600]","[10, 5, 25, 3, 30]"
"[2962, 5260]","[7, 7, 25, 0, 22]"
"[2900, 4110]","[12, 0, 25, 0, 30]"
"[2412, 3985]","[0, 7, 25, 0, 21]"
"[3369, 5470]","[11, 4, 25, 3, 30]"
"[3379, 5945]","[14, 4, 25, 4, 19]"
"[2786, 4210]","[0, 6, 25, 4, 30]"
"[2635, 3800]","[0, 5, 25, 3, 30]"
"[2968, 4830]","[0, 8, 25, 4, 30]"
"[2685, 4915]","[0, 10, 25, 0, 21]"
"[2769, 5380]","[13, 4, 25, 3, 0]"
"[2455, 4850]","[10, 5, 25, 0, 0]"
"[3417, 5860]","[8, 7, 25, 3, 30]"
"[3055, 4940]","[8, 5, 25, 0, 30]"
"[2825, 5080]","[12, 5, 12, 2, 30]"
"[2855, 3870]","[9, 0, 25, 3, 30]"
"[2908, 4730]","[0, 8, 25, 3, 30]"
"[2740, 4435]","[15, 0, 17, 4, 21]"
"[2664, 4270]","[8, 4, 19, 0, 30]"
"[2825, 4470]","[15, 0, 25, 0, 18]"
"[2710, 5330]","[11, 5, 25, 3, 0]"
"[2375, 4200]","[15, 0, 25, 0, 0]"
"[2379, 4400]","[7, 4, 25, 4, 0]"
"[3125, 4650]","[15, 0, 25, 0, 30]"
"[2603, 4890]","[12, 3, 25, 3, 0]"
"[3095, 5670]","[12, 5, 22, 4, 16]"
"[3139, 5545]","[14, 4, 25, 0, 19]"
"[2440, 3415]","[7, 0, 25, 4, 17]"
"[2580, 4460]","[9, 5, 14, 0, 30]"
"[3021, 5445]","[10, 6, 25, 0, 19]"
"[2817, 4420]","[0, 7, 25, 3, 30]"
"[2794, 4330]","[6, 4, 21, 3, 30]"
"[2859, 5020]","[0, 9, 25, 4, 22]"
"[2240, 2350]","[0, 0, 25, 4, 30]"
"[3080, 4410]","[12, 0, 25, 3, 30]"
"[3050, 4470]","[14, 0, 25, 0, 30]"
"[2605, 3930]","[13, 0, 14, 3, 30]"
"[2635, 4885]","[0, 10, 25, 0, 19]"
"[3020, 5100]","[9, 5, 18, 4, 30]"
"[3245, 4850]","[15, 0, 25, 2, 30]"
"[2939, 4940]","[0, 9, 25, 2, 30]"
"[2665, 3850]","[11, 0, 17, 4, 30]"
"[3059, 5140]","[0, 9, 25, 4, 30]"
"[2921, 4710]","[5, 6, 25, 0, 30]"
"[2795, 4130]","[13, 0, 19, 2, 30]"
"[2910, 5050]","[0, 10, 25, 0, 30]"
"[3080, 4410]","[12, 0, 25, 3, 30]"
"[3041, 5585]","[10, 6, 25, 2, 15]"
"[2412, 4720]","[7, 7, 18, 0, 14]"
"[2255, 2790]","[5, 0, 19, 3, 30]"
"[3235, 5780]","[12, 5, 25, 3, 18]"
"[2540, 4420]","[14, 0, 25, 4, 0]"
"[2968, 4830]","[0, 8, 25, 4, 30]"
"[2880, 4350]","[14, 0, 18, 3, 30]"
"[2577, 4160]","[0, 7, 19, 4, 30]"
"[2964, 4630]","[8, 4, 25, 0, 30]"
"[3311, 5470]","[7, 6, 25, 4, 30]"
"[3059, 5140]","[0, 9, 25, 4, 30]"
"[2746, 4950]","[10, 6, 14, 0, 30]"
"[2776, 5085]","[7, 6, 25, 3, 11]"
"[3090, 5350]","[0, 10, 25, 3, 30]"
"[2750, 3750]","[10, 0, 25, 0, 30]"
"[3136, 5365]","[7, 6, 25, 4, 23]"
"[3208, 5450]","[4, 8, 25, 3, 30]"
"[3150, 5450]","[0, 10, 25, 4, 30]"
"[3654, 6110]","[14, 4, 25, 4, 30]"
"[2905, 4470]","[15, 0, 17, 3, 30]"
"[3050, 4470]","[14, 0, 25, 0, 30]"
"[2455, 3500]","[0, 5, 25, 0, 30]"
"[2780, 4365]","[13, 0, 25, 3, 15]"
"[3050, 4470]","[14, 0, 25, 0, 30]"
"[2330, 3960]","[12, 0, 25, 3, 0]"
"[2711, 5380]","[9, 6, 25, 4, 0]"
"[2590, 4750]","[0, 10, 15, 3, 30]"
"[2607, 4680]","[6, 7, 13, 2, 30]"
"[3654, 6110]","[14, 4, 25, 4, 30]"
"[2817, 4420]","[0, 7, 25, 3, 30]"
"[3146, 5250]","[8, 6, 25, 0, 30]"
"[3095, 4490]","[13, 0, 25, 2, 30]"
"[3170, 4670]","[14, 0, 25, 2, 30]"
"[2666, 4730]","[8, 6, 13, 2, 30]"
"[2580, 4955]","[12, 5, 17, 0, 15]"
"[3065, 4735]","[14, 0, 25, 4, 21]"
"[3594, 6010]","[14, 4, 25, 3, 30]"
"[2750, 3750]","[10, 0, 25, 0, 30]"
"[2790, 5170]","[0, 10, 25, 3, 18]"
"[2315, 3205]","[6, 0, 25, 4, 15]"
"[2620, 5070]","[9, 5, 25, 4, 0]"
"[2985, 5300]","[12, 5, 14, 3, 30]"
"[2575, 4140]","[15, 0, 19, 0, 20]"
"[2675, 3570]","[9, 0, 25, 0, 30]"
"[2564, 4615]","[11, 4, 19, 0, 17]"
"[2640, 4300]","[14, 0, 19, 4, 16]"
"[2480, 3645]","[9, 0, 25, 3, 15]"
"[2888, 5530]","[15, 3, 25, 4, 0]"
"[2650, 5230]","[11, 5, 25, 2, 0]"
"[3295, 5340]","[8, 5, 25, 4, 30]"
"[2912, 5500]","[9, 7, 25, 0, 14]"
"[3552, 6140]","[9, 7, 25, 4, 30]"
"[2376, 3690]","[0, 6, 18, 3, 30]"
"[2695, 3900]","[0, 5, 25, 4, 30]"
"[2269, 4080]","[0, 9, 14, 0, 30]"
"[3075, 5350]","[10, 5, 25, 2, 20]"
"[3125, 4650]","[15, 0, 25, 0, 30]"
"[2735, 4945]","[0, 10, 25, 0, 23]"
"[2862, 5200]","[9, 7, 16, 0, 30]"
"[3165, 4930]","[15, 0, 25, 4, 22]"
"[2300, 4020]","[14, 0, 25, 0, 0]"
"[3357, 5760]","[8, 7, 25, 2, 30]"
"[2450, 3435]","[9, 0, 25, 0, 21]"
"[2450, 3030]","[6, 0, 25, 0, 30]"
"[2324, 4455]","[0, 9, 19, 3, 15]"
"[2235, 4405]","[0, 10, 17, 0, 19]"
"[3280, 5480]","[11, 5, 25, 0, 30]"
"[2825, 3930]","[11, 0, 25, 0, 30]"
"[3294, 5290]","[10, 4, 25, 3, 30]"
"[2744, 4960]","[12, 4, 16, 3, 20]"
"[2837, 5050]","[6, 7, 25, 0, 20]"
"[2624, 5490]","[5, 9, 25, 3, 0]"
"[2500, 3810]","[14, 0, 14, 0, 30]"
"[2719, 4795]","[10, 4, 20, 3, 17]"
"[2786, 4210]","[0, 6, 25, 4, 30]"
"[3005, 4230]","[11, 0, 25, 3, 30]"
"[2825, 3930]","[11, 0, 25, 0, 30]"
"[2795, 3770]","[9, 0, 25, 2, 30]"
"[3460, 5780]","[11, 5, 25, 3, 30]"
"[3050, 4470]","[14, 0, 25, 0, 30]"
"[2798, 5010]","[15, 3, 18, 0, 20]"
"[2990, 4150]","[10, 0, 25, 4, 30]"
"[2360, 4390]","[0, 10, 14, 0, 30]"
"[3050, 4470]","[14, 0, 25, 0, 30]"
"[3137, 5635]","[9, 7, 25, 0, 23]"
"[2811, 5050]","[9, 6, 12, 4, 30]"
"[2953, 4970]","[3, 8, 25, 0, 30]"
"[3070, 5610]","[11, 5, 25, 4, 12]"
"[2968, 4830]","[0, 8, 25, 4, 30]"
"[3305, 4950]","[15, 0, 25, 3, 30]"
"[2666, 4010]","[0, 6, 25, 2, 30]"
"[2765, 3610]","[7, 0, 25, 4, 30]"
"[2869, 5170]","[13, 4, 16, 3, 22]"
"[3080, 4410]","[12, 0, 25, 3, 30]"
"[2450, 3390]","[10, 0, 19, 0, 30]"
"[2819, 4740]","[0, 9, 25, 0, 30]"
"[2890, 4630]","[14, 0, 25, 4, 14]"
"[3233, 5870]","[7, 8, 25, 3, 22]"
"[2728, 4970]","[6, 8, 16, 0, 30]"
"[3069, 5155]","[10, 4, 25, 3, 21]"
"[2319, 4140]","[0, 9, 15, 0, 30]"
"[3305, 4950]","[15, 0, 25, 3, 30]"
"[2802, 5690]","[9, 7, 25, 4, 0]"
"[2754, 5300]","[12, 4, 25, 4, 0]"
"[2870, 3950]","[10, 0, 25, 2, 30]"
"[2760, 4760]","[9, 5, 14, 3, 30]"
"[3091, 5480]","[9, 6, 25, 2, 20]"
"[2968, 4830]","[0, 8, 25, 4, 30]"
"[2814, 4270]","[6, 4, 25, 0, 30]"
"[3395, 5805]","[11, 5, 25, 4, 25]"
"[3654, 6110]","[14, 4, 25, 4, 30]"
"[2555, 4640]","[8, 5, 25, 0, 10]"
"[2650, 5230]","[11, 5, 25, 2, 0]"
"[3165, 4930]","[15, 0, 25, 4, 22]"
"[3229, 5855]","[14, 4, 25, 4, 13]"
"[3654, 6110]","[14, 4, 25, 4, 30]"
"[2550, 3870]","[14, 0, 15, 0, 30]"
"[3135, 5720]","[12, 5, 25, 3, 14]"
"[2786, 4210]","[0, 6, 25, 4, 30]"
"[3144, 4930]","[8, 4, 25, 3, 30]"
"[3055, 4940]","[8, 5, 25, 0, 30]"
"[2885, 5000]","[10, 5, 15, 3, 30]"